symbol,date,price,daily_change_pct,rsi,ema_20,ema_50,ema_200,macd,macd_signal,volume_ratio,support,resistance,atr,entry_low,entry_high,stop_loss,target_1,target_2,target_3,risk_reward_to_target1,score,max_score,signal,breakout,reasons
NYKAA,2026-09-15,341.35,-0.91,55.94,337.18,326.98,289.89,3.9284,3.8168,0.36,320.3,349.55,7.27,325.1,341.35,317.1,377.73,401.98,426.24,1.5,5.5,10.0,WATCH,False,Price > fast EMA; Fast EMA > slow EMA; Price > long EMA; RSI bullish zone; MACD bullish; MACD > zero
LICHSGFIN,2026-09-15,548.95,-2.48,56.98,539.03,534.08,539.58,9.972,6.5056,0.69,485.45,579.4,15.04,492.73,548.95,480.6,651.48,719.84,788.19,1.5,5.5,10.0,WATCH,False,Price > fast EMA; Fast EMA > slow EMA; Price > long EMA; RSI bullish zone; MACD bullish; MACD > zero
PAYTM,2026-09-15,1759.3,-2.67,64.16,1661.37,1519.17,1301.1,74.0286,73.2961,0.55,1546.3,1840.0,59.69,1569.49,1759.3,1530.84,2101.99,2330.46,2558.92,1.5,5.5,10.0,WATCH,False,Price > fast EMA; Fast EMA > slow EMA; Price > long EMA; RSI bullish zone; MACD bullish; MACD > zero
KALYANKJIL,2026-09-15,613.7,2.09,56.34,601.25,564.11,484.2,8.9966,11.299,0.68,556.5,635.95,21.8,564.85,613.7,550.93,707.85,770.61,833.38,1.5,5.0,10.0,WATCH,False,Price > fast EMA; Fast EMA > slow EMA; Price > long EMA; RSI bullish zone; MACD > zero; Positive daily momentum
TATACOMM,2026-09-15,1794.3,1.86,59.45,1739.1,1758.24,1738.26,4.4876,-9.6515,0.76,1640.2,1819.8,46.19,1664.8,1794.3,1623.8,2050.05,2220.56,2391.06,1.5,5.0,10.0,WATCH,False,Price > fast EMA; Price > long EMA; RSI bullish zone; MACD bullish; MACD > zero; Positive daily momentum
ADANIPORTS,2026-09-15,1744.4,-1.14,54.86,1715.73,1723.92,1640.77,7.8331,-4.7663,0.35,1593.1,1791.4,39.06,1617.0,1744.4,1577.17,1995.25,2162.48,2329.71,1.5,4.5,10.0,AVOID,False,Price > fast EMA; Price > long EMA; RSI bullish zone; MACD bullish; MACD > zero
AUROPHARMA,2026-09-15,1673.6,-0.37,55.71,1654.2,1610.0,1429.77,20.7462,20.9815,0.21,1598.8,1717.0,37.76,1622.78,1673.6,1582.81,1809.78,1900.57,1991.36,1.5,4.5,10.0,AVOID,False,Price > fast EMA; Fast EMA > slow EMA; Price > long EMA; RSI bullish zone; MACD > zero
GROWW,2026-09-15,200.09,-0.07,57.51,195.65,195.99,182.29,0.2288,-0.6225,0.41,185.35,205.21,5.35,188.13,200.09,183.5,224.98,241.57,258.17,1.5,4.5,10.0,AVOID,False,Price > fast EMA; Price > long EMA; RSI bullish zone; MACD bullish; MACD > zero
COFORGE,2026-09-15,1787.3,-3.21,42.3,1871.76,1764.06,1593.49,27.9474,56.7878,1.28,1762.2,2021.2,60.07,1787.3,1787.3,1697.2,1922.45,2012.56,2102.66,1.5,4.5,10.0,AVOID,False,Fast EMA > slow EMA; Price > long EMA; MACD > zero; Volume 1.3x average; Near support
DIVISLAB,2026-09-15,9237.5,-0.91,60.56,9064.48,8411.69,7175.38,322.7881,358.9256,0.47,8457.5,9615.0,197.98,8584.36,9237.5,8372.92,10534.36,11398.94,12263.51,1.5,4.5,10.0,AVOID,False,Price > fast EMA; Fast EMA > slow EMA; Price > long EMA; RSI bullish zone; MACD > zero
IDFCFIRSTB,2026-09-15,85.82,-0.45,52.61,85.67,83.59,77.94,0.6478,0.7339,0.81,82.5,88.1,1.55,83.74,85.82,81.67,92.04,96.18,100.33,1.5,4.5,10.0,AVOID,False,Price > fast EMA; Fast EMA > slow EMA; Price > long EMA; RSI bullish zone; MACD > zero
KOTAKBANK,2026-09-15,414.2,-1.15,54.23,413.12,403.55,398.31,5.9494,7.0491,0.5,386.75,429.1,7.14,392.55,414.2,382.88,461.18,492.49,523.81,1.5,4.5,10.0,AVOID,False,Price > fast EMA; Fast EMA > slow EMA; Price > long EMA; RSI bullish zone; MACD > zero
LGEINDIA,2026-09-15,1650.1,0.81,52.24,1647.16,1615.99,1581.79,12.4443,19.2767,0.61,1614.6,1727.1,37.78,1638.82,1650.1,1593.43,1735.1,1791.77,1848.44,1.5,4.5,10.0,AVOID,False,Price > fast EMA; Fast EMA > slow EMA; Price > long EMA; RSI bullish zone; MACD > zero
LAURUSLABS,2026-09-15,1944.3,-1.25,63.14,1883.33,1764.74,1390.29,50.7152,50.9168,0.26,1769.4,1981.8,48.84,1795.94,1944.3,1751.71,2233.19,2425.79,2618.38,1.5,4.5,10.0,AVOID,False,Price > fast EMA; Fast EMA > slow EMA; Price > long EMA; RSI bullish zone; MACD > zero
OIL,2026-09-15,488.25,-0.32,56.27,483.92,470.25,453.96,8.9009,9.4674,0.35,458.7,514.45,13.31,465.58,488.25,454.11,539.46,573.59,607.73,1.5,4.5,10.0,AVOID,False,Price > fast EMA; Fast EMA > slow EMA; Price > long EMA; RSI bullish zone; MACD > zero
PNB,2026-09-15,116.01,-0.63,52.79,115.84,113.82,112.78,0.7038,0.9214,0.52,113.16,119.1,2.15,114.86,116.01,112.03,121.98,125.96,129.95,1.5,4.5,10.0,AVOID,False,Price > fast EMA; Fast EMA > slow EMA; Price > long EMA; RSI bullish zone; MACD > zero
TECHM,2026-09-15,1594.7,3.48,52.39,1580.83,1568.26,1519.2,-9.6402,-2.7775,1.05,1498.0,1649.0,42.88,1520.47,1594.7,1483.02,1762.22,1873.9,1985.58,1.5,4.5,10.0,AVOID,False,Price > fast EMA; Fast EMA > slow EMA; Price > long EMA; RSI bullish zone; Positive daily momentum
TATAINVEST,2026-09-15,723.75,11.19,73.94,650.09,656.3,674.35,0.0858,-6.8481,12.13,616.1,750.5,21.56,625.34,723.75,609.94,894.47,1008.28,1122.09,1.5,4.0,10.0,AVOID,False,Price > fast EMA; Price > long EMA; RSI overbought; MACD bullish; MACD > zero; Volume 12.1x average; Positive daily momentum
APLAPOLLO,2026-09-15,2139.4,-0.65,51.93,2150.91,2054.32,1938.25,45.2364,62.6631,0.34,2075.1,2281.0,56.33,2106.23,2139.4,2054.35,2266.98,2352.03,2437.08,1.5,3.5,10.0,AVOID,False,Fast EMA > slow EMA; Price > long EMA; RSI bullish zone; MACD > zero
APOLLOHOSP,2026-09-15,8803.0,-0.37,49.86,8810.35,8748.46,8219.1,8.8563,1.1229,0.52,8591.5,9024.0,150.84,8720.37,8803.0,8505.58,9249.12,9546.54,9843.95,1.5,3.5,10.0,AVOID,False,Fast EMA > slow EMA; Price > long EMA; MACD bullish; MACD > zero
CGPOWER,2026-09-15,874.5,-3.8,45.25,893.99,889.59,828.66,4.4347,3.7087,0.79,860.2,931.0,24.19,873.1,874.5,838.21,928.93,965.21,1001.5,1.5,3.5,10.0,AVOID,False,Fast EMA > slow EMA; Price > long EMA; MACD bullish; MACD > zero
COALINDIA,2026-09-15,421.45,-1.16,55.06,416.83,420.14,425.94,2.9716,0.2555,0.34,395.8,436.3,8.01,401.74,421.45,391.84,465.86,495.47,525.08,1.5,3.5,10.0,AVOID,False,Price > fast EMA; RSI bullish zone; MACD bullish; MACD > zero
DABUR,2026-09-15,387.85,3.15,46.16,386.99,403.28,447.58,-9.0231,-10.0472,3.2,368.05,406.8,6.94,373.57,387.85,364.37,423.07,446.55,470.03,1.5,3.5,10.0,AVOID,False,Price > fast EMA; MACD bullish; Volume 3.2x average; Positive daily momentum
ETERNAL,2026-09-15,318.25,-1.62,49.1,321.4,308.35,287.58,3.4734,5.6245,0.19,315.55,332.95,7.5,318.25,318.25,307.0,335.12,346.37,357.62,1.5,3.5,10.0,AVOID,False,Fast EMA > slow EMA; Price > long EMA; MACD > zero; Near support
GRASIM,2026-09-15,3195.2,-2.64,41.14,3280.3,3228.32,3023.39,12.2919,25.3643,0.61,3188.0,3371.0,66.61,3195.2,3195.2,3095.29,3345.07,3444.98,3544.89,1.5,3.5,10.0,AVOID,False,Fast EMA > slow EMA; Price > long EMA; MACD > zero; Near support
HDFCBANK,2026-09-15,718.9,1.5,49.7,714.16,734.93,811.9,-9.9539,-11.613,1.36,681.9,739.75,13.38,692.13,718.9,675.08,784.63,828.45,872.27,1.5,3.5,10.0,AVOID,False,Price > fast EMA; MACD bullish; Volume 1.4x average; Positive daily momentum
HAL,2026-09-15,4737.0,-3.43,42.57,4871.55,4759.59,4537.04,25.8109,44.9975,0.53,4707.0,5149.9,115.15,4737.0,4737.0,4564.28,4996.09,5168.81,5341.54,1.5,3.5,10.0,AVOID,False,Fast EMA > slow EMA; Price > long EMA; MACD > zero; Near support
MOTILALOFS,2026-09-15,998.3,-2.75,51.49,1004.34,963.75,897.54,23.592,28.6352,0.27,930.05,1060.2,29.8,944.0,998.3,920.75,1114.63,1192.18,1269.73,1.5,3.5,10.0,AVOID,False,Fast EMA > slow EMA; Price > long EMA; RSI bullish zone; MACD > zero
MCX,2026-09-15,3196.9,-2.41,52.18,3211.17,3060.49,2682.27,92.0687,112.9556,0.56,2916.0,3400.0,102.84,2959.74,3196.9,2886.84,3661.99,3972.05,4282.11,1.5,3.5,10.0,AVOID,False,Fast EMA > slow EMA; Price > long EMA; RSI bullish zone; MACD > zero
POLICYBZR,2026-09-15,1778.1,-1.07,51.06,1790.41,1726.53,1676.65,32.0313,44.8276,0.53,1721.1,1875.0,46.3,1746.92,1778.1,1703.89,1889.42,1963.63,2037.84,1.5,3.5,10.0,AVOID,False,Fast EMA > slow EMA; Price > long EMA; RSI bullish zone; MACD > zero
PERSISTENT,2026-09-15,5548.5,0.59,50.42,5565.0,5434.23,5342.42,23.974,58.886,1.18,5370.5,5910.0,161.38,5451.06,5548.5,5306.42,5911.62,6153.69,6395.77,1.5,3.5,10.0,AVOID,False,Fast EMA > slow EMA; Price > long EMA; RSI bullish zone; MACD > zero
MOTHERSON,2026-09-15,162.04,-1.47,48.56,163.59,158.36,138.0,0.9435,1.9239,0.56,159.92,173.27,3.95,162.04,162.04,156.12,170.92,176.84,182.76,1.5,3.5,10.0,AVOID,False,Fast EMA > slow EMA; Price > long EMA; MACD > zero; Near support
SIEMENS,2026-09-15,3838.0,-3.01,39.6,3955.91,3874.91,3586.9,12.1181,39.3147,0.53,3818.1,4149.4,97.08,3838.0,3838.0,3692.38,4056.42,4202.04,4347.65,1.5,3.5,10.0,AVOID,False,Fast EMA > slow EMA; Price > long EMA; MACD > zero; Near support
SWIGGY,2026-09-15,278.75,0.2,51.32,278.07,275.16,300.86,0.4348,0.6846,0.28,261.35,293.0,8.54,265.27,278.75,258.74,308.77,328.78,348.8,1.5,3.5,10.0,AVOID,False,Price > fast EMA; Fast EMA > slow EMA; RSI bullish zone; MACD > zero
TATACAP,2026-09-15,355.85,-1.94,40.08,365.57,360.58,343.42,0.0146,1.8066,0.65,354.0,378.0,7.76,355.85,355.85,344.21,373.31,384.94,396.58,1.5,3.5,10.0,AVOID,False,Fast EMA > slow EMA; Price > long EMA; MACD > zero; Near support
TCS,2026-09-15,2298.3,4.43,50.77,2286.9,2292.4,2500.71,-19.12,-9.1904,1.55,2185.5,2399.3,60.67,2218.28,2298.3,2163.64,2500.28,2634.94,2769.59,1.5,3.5,10.0,AVOID,False,Price > fast EMA; RSI bullish zone; Volume 1.5x average; Positive daily momentum
TITAN,2026-09-15,4895.5,-2.28,39.31,5012.94,4885.26,4410.33,13.7921,44.3273,0.6,4885.5,5186.7,79.27,4895.5,4895.5,4776.59,5073.86,5192.77,5311.68,1.5,3.5,10.0,AVOID,False,Fast EMA > slow EMA; Price > long EMA; MACD > zero; Near support
TORNTPHARM,2026-09-15,4884.0,-1.64,46.31,4938.92,4881.0,4449.65,1.0081,9.6042,0.96,4823.0,5066.0,103.69,4884.0,4884.0,4728.46,5117.31,5272.84,5428.38,1.5,3.5,10.0,AVOID,False,Fast EMA > slow EMA; Price > long EMA; MACD > zero; Near support
UNIONBANK,2026-09-15,176.55,-0.87,39.46,182.82,179.81,170.26,0.0641,1.6897,0.33,175.53,192.33,4.53,176.55,176.55,169.76,186.73,193.52,200.31,1.5,3.5,10.0,AVOID,False,Fast EMA > slow EMA; Price > long EMA; MACD > zero; Near support
ABB,2026-09-15,7120.0,-2.12,34.52,7415.04,7366.33,6667.99,-51.8209,-6.4775,0.82,7036.5,7760.0,171.26,7120.0,7120.0,6863.11,7505.33,7762.22,8019.11,1.5,3.0,10.0,AVOID,False,Fast EMA > slow EMA; Price > long EMA; Near support
AUBANK,2026-09-15,1039.8,-1.8,39.36,1070.39,1059.98,986.74,-3.0591,3.7255,0.23,1033.2,1144.1,22.62,1039.8,1039.8,1005.87,1090.69,1124.62,1158.54,1.5,3.0,10.0,AVOID,False,Fast EMA > slow EMA; Price > long EMA; Near support
ADANIENT,2026-09-15,2988.9,-2.32,47.98,3008.65,2996.7,2697.88,-3.4957,-11.5236,0.35,2830.5,3173.7,84.14,2872.96,2988.9,2802.2,3268.96,3455.66,3642.37,1.5,3.0,10.0,AVOID,False,Fast EMA > slow EMA; Price > long EMA; MACD bullish
ABCAPITAL,2026-09-15,384.9,-2.56,37.46,400.88,398.04,365.14,-2.6823,-0.6393,0.55,384.4,416.45,9.48,384.9,384.9,370.68,406.23,420.46,434.68,1.5,3.0,10.0,AVOID,False,Fast EMA > slow EMA; Price > long EMA; Near support
BSE,2026-09-15,3365.0,-0.56,48.54,3358.98,3474.83,3304.88,-43.9792,-64.5313,0.56,3131.5,3474.0,112.7,3178.47,3365.0,3100.18,3762.22,4027.04,4291.85,1.5,3.0,10.0,AVOID,False,Price > fast EMA; Price > long EMA; MACD bullish
BAJFINANCE,2026-09-15,1014.7,-1.91,32.82,1057.69,1050.93,1001.3,-11.1782,-4.8662,0.58,1010.5,1107.0,21.18,1014.7,1014.7,982.93,1062.36,1094.14,1125.91,1.5,3.0,10.0,AVOID,False,Fast EMA > slow EMA; Price > long EMA; Near support
COCHINSHIP,2026-09-15,1350.0,-2.24,32.32,1478.29,1475.94,1530.75,-8.1395,8.1137,1.23,1336.0,1577.9,45.54,1350.0,1350.0,1281.69,1452.47,1520.79,1589.1,1.5,3.0,10.0,AVOID,False,Fast EMA > slow EMA; Volume 1.2x average; Near support
EICHERMOT,2026-09-15,7496.0,-0.45,32.19,7792.91,7753.94,7420.22,-74.4999,-14.2963,0.52,7440.0,8165.0,143.21,7496.0,7496.0,7281.18,7818.22,8033.04,8247.85,1.5,3.0,10.0,AVOID,False,Fast EMA > slow EMA; Price > long EMA; Near support
FEDERALBNK,2026-09-15,342.1,-0.7,43.58,347.53,343.71,302.71,-1.8027,-0.8281,0.29,337.6,364.2,6.46,342.1,342.1,332.41,356.63,366.32,376.01,1.5,3.0,10.0,AVOID,False,Fast EMA > slow EMA; Price > long EMA; Near support
GAIL,2026-09-15,170.79,-1.63,43.31,173.86,173.16,170.06,-0.1267,0.0888,0.54,170.11,177.5,3.26,170.79,170.79,165.9,178.12,183.01,187.9,1.5,3.0,10.0,AVOID,False,Fast EMA > slow EMA; Price > long EMA; Near support
HINDALCO,2026-09-15,972.1,-0.96,36.96,1013.58,1012.31,964.37,-6.0108,1.2453,0.43,966.2,1061.8,23.32,972.1,972.1,937.11,1024.58,1059.57,1094.55,1.5,3.0,10.0,AVOID,False,Fast EMA > slow EMA; Price > long EMA; Near support
INDHOTEL,2026-09-15,723.6,0.71,49.99,723.04,720.6,706.97,-1.8987,-1.6632,1.08,701.55,737.9,14.44,712.07,723.6,694.53,767.2,796.26,825.33,1.5,3.0,10.0,AVOID,False,Price > fast EMA; Fast EMA > slow EMA; Price > long EMA
INDUSTOWER,2026-09-15,383.65,-1.12,52.41,379.3,385.85,399.88,-1.45,-2.6904,0.28,367.35,390.85,9.5,372.86,383.65,363.68,413.61,433.58,453.56,1.5,3.0,10.0,AVOID,False,Price > fast EMA; RSI bullish zone; MACD bullish
INDUSINDBK,2026-09-15,965.7,-1.28,37.97,997.73,993.47,922.01,-6.5732,-2.8688,0.76,960.4,1022.0,20.37,965.7,965.7,935.14,1011.53,1042.09,1072.65,1.5,3.0,10.0,AVOID,False,Fast EMA > slow EMA; Price > long EMA; Near support
JSWSTEEL,2026-09-15,1242.3,-1.79,35.97,1295.41,1286.13,1237.31,-1.8703,6.635,0.37,1237.0,1351.0,26.13,1242.3,1242.3,1203.1,1301.09,1340.29,1379.49,1.5,3.0,10.0,AVOID,False,Fast EMA > slow EMA; Price > long EMA; Near support
LTF,2026-09-15,299.15,-3.22,38.25,312.03,310.07,292.1,-1.7658,-0.0733,0.35,299.15,327.3,8.46,299.15,299.15,286.46,318.18,330.87,343.56,1.5,3.0,10.0,AVOID,False,Fast EMA > slow EMA; Price > long EMA; Near support
LENSKART,2026-09-15,692.2,1.53,72.38,662.27,616.66,529.21,26.3066,27.0465,0.28,606.85,703.5,19.23,615.95,692.2,600.78,829.33,920.75,1012.16,1.5,3.0,10.0,AVOID,False,Price > fast EMA; Fast EMA > slow EMA; Price > long EMA; RSI overbought; MACD > zero; Positive daily momentum
LODHA,2026-09-15,1082.7,-3.06,31.51,1193.56,1168.73,1074.33,-17.8718,1.1197,0.69,1075.5,1306.9,44.43,1082.7,1082.7,1016.06,1182.66,1249.3,1315.94,1.5,3.0,10.0,AVOID,False,Fast EMA > slow EMA; Price > long EMA; Near support
M&MFIN,2026-09-15,345.3,-3.05,32.43,370.07,364.72,337.77,-5.0666,-1.0473,0.32,345.3,397.5,11.4,345.3,345.3,328.2,370.96,388.06,405.17,1.5,3.0,10.0,AVOID,False,Fast EMA > slow EMA; Price > long EMA; Near support
MAXHEALTH,2026-09-15,1033.4,-0.41,52.12,1022.1,1037.8,1056.9,-6.0782,-12.8639,0.69,980.3,1048.0,24.37,995.0,1033.4,970.5,1127.75,1190.66,1253.56,1.5,3.0,10.0,AVOID,False,Price > fast EMA; RSI bullish zone; MACD bullish
PIDILITIND,2026-09-15,1542.4,-1.56,33.71,1611.9,1609.39,1534.13,-20.3842,-7.7969,0.31,1538.7,1687.7,31.28,1542.4,1542.4,1495.48,1612.78,1659.71,1706.63,1.5,3.0,10.0,AVOID,False,Fast EMA > slow EMA; Price > long EMA; Near support
TVSMOTOR,2026-09-15,4065.0,-1.45,37.49,4201.83,4099.88,3779.92,-23.0683,16.043,0.31,4052.9,4484.5,100.82,4065.0,4065.0,3913.76,4291.86,4443.09,4594.33,1.5,3.0,10.0,AVOID,False,Fast EMA > slow EMA; Price > long EMA; Near support
TMCV,2026-09-15,431.05,-0.81,36.48,452.96,445.31,416.57,-2.9183,2.7126,0.32,425.35,487.8,13.3,431.05,431.05,411.1,460.98,480.94,500.89,1.5,3.0,10.0,AVOID,False,Fast EMA > slow EMA; Price > long EMA; Near support
BHEL,2026-09-15,422.05,-2.08,49.42,424.9,415.56,355.06,3.5645,4.3442,0.59,408.15,442.65,11.96,414.27,422.05,404.07,449.02,467.0,484.99,1.5,2.5,10.0,AVOID,False,Fast EMA > slow EMA; Price > long EMA; MACD > zero
GVT&D,2026-09-15,4324.6,-4.91,47.29,4405.89,4418.94,4086.14,41.1573,19.6554,0.48,4025.0,4825.0,170.76,4085.37,4324.6,3984.75,4834.38,5174.23,5514.08,1.5,2.5,10.0,AVOID,False,Price > long EMA; MACD bullish; MACD > zero
GLENMARK,2026-09-15,2380.1,-1.62,48.86,2405.57,2342.82,2214.49,32.8466,44.9708,0.34,2222.5,2537.6,56.96,2255.84,2380.1,2200.28,2649.84,2829.66,3009.49,1.5,2.5,10.0,AVOID,False,Fast EMA > slow EMA; Price > long EMA; MACD > zero
HCLTECH,2026-09-15,1270.1,5.31,47.22,1282.88,1276.77,1329.14,-15.7544,-4.1697,1.55,1195.7,1368.0,37.53,1213.64,1270.1,1183.74,1399.64,1485.99,1572.35,1.5,2.5,10.0,AVOID,False,Fast EMA > slow EMA; Volume 1.6x average; Positive daily momentum
HINDZINC,2026-09-15,568.4,-1.4,44.29,587.56,577.99,563.98,3.6865,8.0991,0.21,548.8,632.0,18.09,557.03,568.4,541.27,609.1,636.24,663.37,1.5,2.5,10.0,AVOID,False,Fast EMA > slow EMA; Price > long EMA; MACD > zero
HYUNDAI,2026-09-15,2157.8,-0.75,46.62,2188.18,2133.58,2117.23,10.6983,22.1097,0.51,2095.8,2281.0,53.32,2127.24,2157.8,2074.84,2282.24,2365.2,2448.15,1.5,2.5,10.0,AVOID,False,Fast EMA > slow EMA; Price > long EMA; MACD > zero
NAUKRI,2026-09-15,1276.0,2.01,46.21,1299.82,1253.3,1184.36,-0.0911,14.8056,0.85,1244.8,1390.1,37.74,1263.47,1276.0,1219.39,1360.91,1417.52,1474.12,1.5,2.5,10.0,AVOID,False,Fast EMA > slow EMA; Price > long EMA; Positive daily momentum
LTM,2026-09-15,4420.3,3.4,47.43,4473.61,4401.42,4609.0,-15.9446,21.1482,1.25,4275.0,4700.0,138.44,4339.12,4420.3,4212.64,4731.79,4939.46,5147.12,1.5,2.5,10.0,AVOID,False,Fast EMA > slow EMA; Volume 1.3x average; Positive daily momentum
MPHASIS,2026-09-15,2383.5,3.86,48.08,2398.16,2388.55,2449.61,-19.6286,-2.743,2.14,2273.3,2546.0,74.46,2307.4,2383.5,2250.57,2582.9,2715.83,2848.77,1.5,2.5,10.0,AVOID,False,Fast EMA > slow EMA; Volume 2.1x average; Positive daily momentum
RADICO,2026-09-15,4428.0,1.37,46.69,4485.67,4345.19,3684.39,-2.004,31.3606,0.47,4330.1,4747.0,95.55,4395.05,4428.0,4284.67,4642.99,4786.32,4929.65,1.5,2.5,10.0,AVOID,False,Fast EMA > slow EMA; Price > long EMA; Positive daily momentum
SAIL,2026-09-15,175.76,-1.81,41.46,184.28,180.01,167.75,1.9588,4.2212,0.23,169.32,200.96,6.28,171.86,175.76,166.34,189.89,199.3,208.72,1.5,2.5,10.0,AVOID,False,Fast EMA > slow EMA; Price > long EMA; MACD > zero
ADANIENSOL,2026-09-15,1362.7,-0.75,31.94,1460.19,1514.74,1327.32,-60.406,-52.9281,0.11,1348.0,1637.0,49.36,1362.7,1362.7,1288.66,1473.75,1547.79,1621.83,1.5,2.0,10.0,AVOID,False,Price > long EMA; Near support
ADANIGREEN,2026-09-15,1265.6,-1.23,40.88,1303.82,1345.47,1245.1,-23.4679,-27.4036,0.29,1214.9,1346.8,37.64,1233.12,1265.6,1202.75,1359.87,1422.72,1485.57,1.5,2.0,10.0,AVOID,False,Price > long EMA; MACD bullish
ADANIPOWER,2026-09-15,204.63,-2.54,45.27,208.34,210.33,191.62,-0.3086,-0.836,0.37,198.0,217.4,5.82,200.97,204.63,195.9,217.72,226.45,235.17,1.5,2.0,10.0,AVOID,False,Price > long EMA; MACD bullish
ASHOKLEY,2026-09-15,160.12,-2.22,33.27,168.96,167.52,163.99,-1.3496,0.3815,0.76,158.4,181.84,4.38,160.12,160.12,153.55,169.98,176.55,183.12,1.5,2.0,10.0,AVOID,False,Fast EMA > slow EMA; Near support
BAJAJFINSV,2026-09-15,1877.1,-1.9,32.16,1961.11,1944.91,1918.7,-17.1437,-2.0865,0.43,1871.5,2032.5,36.89,1877.1,1877.1,1821.77,1960.1,2015.44,2070.77,1.5,2.0,10.0,AVOID,False,Fast EMA > slow EMA; Near support
BHARATFORG,2026-09-15,1903.6,-2.12,33.48,2010.31,2047.97,1853.06,-44.794,-36.0331,0.16,1898.2,2104.9,52.02,1903.6,1903.6,1825.57,2020.64,2098.67,2176.7,1.5,2.0,10.0,AVOID,False,Price > long EMA; Near support
CHOLAFIN,2026-09-15,1802.6,-2.35,42.63,1844.96,1817.49,1699.72,-3.6365,3.093,0.96,1773.5,1925.0,46.69,1800.1,1802.6,1732.56,1907.66,1977.7,2047.74,1.5,2.0,10.0,AVOID,False,Fast EMA > slow EMA; Price > long EMA
CONCOR,2026-09-15,490.1,-1.83,39.27,506.64,503.31,501.99,-2.3538,0.2294,0.21,488.45,524.85,11.82,490.1,490.1,472.37,516.7,534.44,552.17,1.5,2.0,10.0,AVOID,False,Fast EMA > slow EMA; Near support
DLF,2026-09-15,630.1,-2.23,34.52,664.32,657.04,651.34,-2.9437,2.9794,0.49,626.85,691.05,17.47,630.1,630.1,603.89,669.41,695.61,721.82,1.5,2.0,10.0,AVOID,False,Fast EMA > slow EMA; Near support
EXIDEIND,2026-09-15,415.3,0.64,37.16,432.23,432.37,396.89,-9.8441,-6.5764,0.47,409.7,477.6,11.78,415.3,415.3,397.63,441.81,459.48,477.15,1.5,2.0,10.0,AVOID,False,Price > long EMA; Near support
ICICIBANK,2026-09-15,1357.1,-1.61,32.09,1408.82,1405.81,1372.91,-10.9689,-3.1522,0.61,1351.3,1454.0,22.61,1357.1,1357.1,1323.19,1407.96,1441.87,1475.78,1.5,2.0,10.0,AVOID,False,Fast EMA > slow EMA; Near support
INDIANB,2026-09-15,842.35,-1.31,38.4,867.96,862.28,844.67,-2.0949,3.7648,0.3,835.0,906.7,20.4,842.35,842.35,811.75,888.25,918.85,949.46,1.5,2.0,10.0,AVOID,False,Fast EMA > slow EMA; Near support
JUBLFOOD,2026-09-15,465.7,-0.97,40.98,481.24,471.79,490.02,-0.8327,4.1583,0.25,463.05,527.85,12.47,465.7,465.7,447.0,493.76,512.46,531.16,1.5,2.0,10.0,AVOID,False,Fast EMA > slow EMA; Near support
NATIONALUM,2026-09-15,356.2,-1.33,39.23,374.75,374.79,354.13,-3.3194,0.2335,0.49,352.35,405.0,11.96,356.2,356.2,338.27,383.1,401.04,418.97,1.5,2.0,10.0,AVOID,False,Price > long EMA; Near support
NESTLEIND,2026-09-15,1376.2,-0.51,31.56,1426.75,1442.6,1375.1,-25.0907,-17.8046,0.7,1365.5,1514.8,29.42,1376.2,1376.2,1332.07,1442.39,1486.52,1530.65,1.5,2.0,10.0,AVOID,False,Price > long EMA; Near support
OBEROIRLTY,2026-09-15,1694.0,-2.71,28.73,1825.26,1821.03,1721.68,-21.607,-1.6314,0.41,1691.2,1960.7,46.6,1694.0,1694.0,1624.1,1798.85,1868.75,1938.65,1.5,2.0,10.0,AVOID,False,Fast EMA > slow EMA; Near support
PATANJALI,2026-09-15,337.4,-1.06,29.61,345.34,361.43,441.47,-5.3364,-5.537,0.83,336.0,356.2,6.45,337.4,337.4,327.73,351.91,361.59,371.26,1.5,2.0,10.0,AVOID,False,MACD bullish; Near support
RECLTD,2026-09-15,313.0,0.1,33.29,322.58,335.75,350.45,-8.8512,-9.3642,0.5,310.4,341.85,6.47,313.0,313.0,303.29,327.56,337.27,346.98,1.5,2.0,10.0,AVOID,False,MACD bullish; Near support
SHRIRAMFIN,2026-09-15,993.0,-3.46,31.14,1058.07,1059.27,973.4,-19.1016,-9.0967,0.96,988.0,1142.0,29.07,993.0,993.0,949.4,1058.4,1102.0,1145.6,1.5,2.0,10.0,AVOID,False,Price > long EMA; Near support
SUNPHARMA,2026-09-15,1843.1,0.17,34.94,1895.56,1902.38,1819.09,-18.7929,-10.266,0.33,1828.0,1984.8,32.25,1843.1,1843.1,1794.73,1915.65,1964.02,2012.39,1.5,2.0,10.0,AVOID,False,Price > long EMA; Near support
SUPREMEIND,2026-09-15,3335.5,-0.86,36.17,3503.96,3501.52,3645.02,-20.3052,9.1277,0.34,3335.4,3710.0,87.68,3335.5,3335.5,3203.98,3532.77,3664.29,3795.81,1.5,2.0,10.0,AVOID,False,Fast EMA > slow EMA; Near support
UPL,2026-09-15,565.75,-1.26,42.53,575.35,584.78,632.72,-2.9145,-3.1915,0.39,557.95,591.0,10.82,565.75,565.75,549.53,590.09,606.31,622.53,1.5,2.0,10.0,AVOID,False,MACD bullish; Near support
UNITDSPR,2026-09-15,1385.4,-0.69,27.74,1460.11,1455.22,1388.31,-25.1666,-9.2343,0.23,1378.4,1563.4,29.54,1385.4,1385.4,1341.1,1451.86,1496.16,1540.47,1.5,2.0,10.0,AVOID,False,Fast EMA > slow EMA; Near support
ZYDUSLIFE,2026-09-15,1112.8,-0.56,44.27,1135.75,1125.43,1046.22,-2.4504,2.621,0.26,1092.6,1198.9,29.75,1108.99,1112.8,1068.17,1179.74,1224.37,1269.0,1.5,2.0,10.0,AVOID,False,Fast EMA > slow EMA; Price > long EMA
ALKEM,2026-09-15,5272.5,3.64,45.93,5284.23,5395.35,5477.81,-92.3042,-88.8064,1.22,5051.0,5510.0,105.27,5126.76,5272.5,5000.49,5680.52,5952.53,6224.54,1.5,1.5,10.0,AVOID,False,Volume 1.2x average; Positive daily momentum
COLPAL,2026-09-15,1844.4,2.61,42.47,1863.7,1936.1,2059.0,-45.7787,-48.5894,0.79,1782.1,1958.9,37.61,1808.83,1844.4,1764.28,1964.58,2044.7,2124.82,1.5,1.5,10.0,AVOID,False,MACD bullish; Positive daily momentum
HEROMOTOCO,2026-09-15,5280.5,1.13,42.65,5399.6,5364.85,5318.16,-63.5319,-21.5785,0.64,5167.0,5778.0,119.24,5244.5,5280.5,5101.64,5548.79,5727.66,5906.52,1.5,1.5,10.0,AVOID,False,Fast EMA > slow EMA; Positive daily momentum
INFY,2026-09-15,1077.2,3.81,43.53,1100.5,1116.7,1241.57,-19.6572,-10.0338,1.29,1026.5,1156.0,30.48,1041.9,1077.2,1016.24,1168.65,1229.61,1290.58,1.5,1.5,10.0,AVOID,False,Volume 1.3x average; Positive daily momentum
JINDALSTEL,2026-09-15,1100.0,-1.83,42.02,1135.17,1123.46,1121.15,5.8739,14.0149,0.39,1058.0,1196.4,31.1,1073.87,1100.0,1047.42,1178.87,1231.45,1284.03,1.5,1.5,10.0,AVOID,False,Fast EMA > slow EMA; MACD > zero
KPITTECH,2026-09-15,572.35,3.36,44.9,578.28,603.41,777.55,-12.3207,-10.4024,2.16,545.6,613.45,16.05,553.78,572.35,540.14,620.66,652.86,685.07,1.5,1.5,10.0,AVOID,False,Volume 2.2x average; Positive daily momentum
ONGC,2026-09-15,234.97,1.06,46.76,235.73,240.55,251.44,-1.485,-1.831,0.74,230.79,243.16,4.41,234.25,234.97,228.35,244.9,251.52,258.14,1.5,1.5,10.0,AVOID,False,MACD bullish; Positive daily momentum
SBICARD,2026-09-15,627.7,-4.2,41.77,649.56,643.92,697.57,2.7552,3.6412,0.3,610.0,675.0,18.8,619.15,627.7,599.51,669.99,698.18,726.38,1.5,1.5,10.0,AVOID,False,Fast EMA > slow EMA; MACD > zero
TATAELXSI,2026-09-15,3478.9,2.83,41.23,3554.01,3671.12,4270.4,-72.3675,-53.8046,1.86,3370.0,3777.6,89.41,3420.55,3478.9,3336.3,3692.8,3835.4,3978.0,1.5,1.5,10.0,AVOID,False,Volume 1.9x average; Positive daily momentum
TMPV,2026-09-15,308.1,2.32,39.66,313.25,326.31,380.83,-7.8541,-7.7909,1.75,296.5,331.7,7.49,300.95,308.1,293.54,329.95,344.51,359.08,1.5,1.5,10.0,AVOID,False,Volume 1.7x average; Positive daily momentum
360ONE,2026-09-15,1063.1,-2.56,30.2,1138.81,1140.18,1112.36,-18.8781,-4.14,0.52,1056.7,1222.9,31.24,1063.1,1063.1,1016.24,1133.38,1180.24,1227.1,1.5,1.0,10.0,AVOID,False,Near support
ATGL,2026-09-15,587.05,-1.3,22.04,623.31,647.73,635.2,-18.2192,-15.6862,0.29,585.9,687.9,15.08,587.05,587.05,564.43,620.99,643.61,666.24,1.5,1.0,10.0,AVOID,False,Near support
AMBUJACEM,2026-09-15,384.45,-1.89,26.94,404.05,415.68,458.7,-8.4327,-7.1059,0.45,384.0,422.8,7.6,384.45,384.45,373.05,401.54,412.94,424.34,1.5,1.0,10.0,AVOID,False,Near support
ASIANPAINT,2026-09-15,2427.5,-1.82,24.72,2557.52,2616.27,2590.91,-60.1393,-47.8585,0.45,2425.7,2678.7,47.26,2427.5,2427.5,2356.61,2533.83,2604.72,2675.61,1.5,1.0,10.0,AVOID,False,Near support
ASTRAL,2026-09-15,1382.0,-2.08,29.68,1478.39,1479.33,1493.63,-12.4417,4.4444,0.3,1381.4,1581.0,35.15,1382.0,1382.0,1329.28,1461.08,1513.8,1566.53,1.5,1.0,10.0,AVOID,False,Near support
BANKBARODA,2026-09-15,234.75,-1.42,38.27,239.89,246.1,261.23,-2.9861,-2.8516,0.6,234.05,247.28,4.36,234.75,234.75,228.21,244.57,251.11,257.65,1.5,1.0,10.0,AVOID,False,Near support
BANKINDIA,2026-09-15,138.26,-1.24,38.21,141.99,142.51,142.47,-0.6624,-0.1061,0.52,137.26,147.9,2.97,138.26,138.26,133.8,144.94,149.4,153.85,1.5,1.0,10.0,AVOID,False,Near support
BDL,2026-09-15,1141.6,-4.07,24.64,1260.2,1287.38,1349.77,-35.215,-17.5005,0.52,1141.0,1427.7,37.62,1141.6,1141.6,1085.16,1226.25,1282.69,1339.12,1.5,1.0,10.0,AVOID,False,Near support
BEL,2026-09-15,390.45,-3.44,34.56,405.69,407.62,414.06,-1.4752,0.1704,1.06,387.6,416.35,7.58,390.45,390.45,379.09,407.49,418.86,430.22,1.5,1.0,10.0,AVOID,False,Near support
BHARTIARTL,2026-09-15,1834.3,0.17,41.44,1869.98,1891.43,1908.9,-26.2359,-21.7604,0.44,1811.9,1959.7,32.13,1834.3,1834.3,1786.11,1906.59,1954.79,2002.98,1.5,1.0,10.0,AVOID,False,Near support
BIOCON,2026-09-15,387.7,-0.76,29.93,402.73,410.87,398.59,-8.3439,-6.8758,0.35,384.65,421.6,8.68,387.7,387.7,374.68,407.23,420.26,433.28,1.5,1.0,10.0,AVOID,False,Near support
BLUESTARCO,2026-09-15,1506.9,-3.28,48.2,1507.18,1555.07,1686.79,-18.455,-29.0673,0.53,1432.3,1565.1,46.79,1453.78,1506.9,1417.98,1640.28,1729.21,1818.13,1.5,1.0,10.0,AVOID,False,MACD bullish
BRITANNIA,2026-09-15,4978.0,0.32,29.84,5182.53,5298.23,5556.87,-117.7419,-91.0706,0.42,4945.0,5561.0,96.08,4978.0,4978.0,4833.88,5194.18,5338.3,5482.41,1.5,1.0,10.0,AVOID,False,Near support
CANBK,2026-09-15,123.13,-0.7,36.14,126.08,127.63,131.38,-1.3048,-0.8942,0.65,122.65,131.43,2.37,123.13,123.13,119.58,128.46,132.02,135.57,1.5,1.0,10.0,AVOID,False,Near support
CIPLA,2026-09-15,1354.2,-0.86,31.4,1400.72,1414.4,1414.32,-19.9802,-13.9197,0.69,1347.7,1449.0,22.41,1354.2,1354.2,1320.58,1404.63,1438.26,1471.88,1.5,1.0,10.0,AVOID,False,Near support
COROMANDEL,2026-09-15,1938.9,0.51,43.22,1962.75,1986.71,2053.02,-21.8757,-24.553,0.32,1890.0,2104.8,43.04,1918.35,1938.9,1871.1,2040.6,2108.4,2176.2,1.5,1.0,10.0,AVOID,False,MACD bullish
CUMMINSIND,2026-09-15,4953.5,-2.3,32.5,5159.5,5292.09,5046.27,-93.5632,-91.9953,0.37,4944.0,5484.0,119.55,4953.5,4953.5,4774.18,5222.48,5401.8,5581.12,1.5,1.0,10.0,AVOID,False,Near support
DRREDDY,2026-09-15,1152.8,-1.09,43.44,1163.91,1191.53,1243.54,-11.7884,-12.3954,1.05,1130.0,1197.2,20.99,1146.95,1152.8,1118.7,1203.95,1238.05,1272.15,1.5,1.0,10.0,AVOID,False,MACD bullish
FORTIS,2026-09-15,889.0,0.14,38.57,911.4,925.46,932.43,-9.5334,-8.1037,0.49,884.1,941.9,18.34,889.0,889.0,861.49,930.27,957.78,985.29,1.5,1.0,10.0,AVOID,False,Near support
GMRAIRPORT,2026-09-15,94.41,-3.64,35.8,98.28,101.32,99.95,-2.0361,-2.3011,0.43,92.6,103.45,2.47,93.99,94.41,90.71,99.97,103.67,107.38,1.5,1.0,10.0,AVOID,False,MACD bullish
GODFRYPHLP,2026-09-15,1926.1,-0.05,28.8,2051.25,2113.22,2333.25,-55.8562,-39.2951,0.49,1921.2,2167.7,48.84,1926.1,1926.1,1852.85,2035.98,2109.23,2182.49,1.5,1.0,10.0,AVOID,False,Near support
GODREJCP,2026-09-15,871.1,0.71,29.33,904.26,958.99,1059.81,-34.8314,-35.9619,0.49,855.15,948.0,19.35,867.98,871.1,842.08,914.63,943.65,972.67,1.5,1.0,10.0,AVOID,False,MACD bullish
GODREJPROP,2026-09-15,1677.0,-4.06,22.49,1928.72,1963.25,1915.82,-66.4629,-34.1753,0.9,1667.0,2095.0,67.1,1677.0,1677.0,1576.35,1827.97,1928.62,2029.27,1.5,1.0,10.0,AVOID,False,Near support
HAVELLS,2026-09-15,1088.9,-1.99,20.05,1187.89,1214.08,1289.45,-38.3997,-21.5677,0.43,1088.0,1315.0,27.84,1088.9,1088.9,1047.14,1151.54,1193.31,1235.07,1.5,1.0,10.0,AVOID,False,Near support
HUDCO,2026-09-15,170.38,-1.38,21.48,181.03,189.56,201.43,-5.7229,-5.1619,0.41,170.2,192.0,4.26,170.38,170.38,163.99,179.97,186.36,192.75,1.5,1.0,10.0,AVOID,False,Near support
ICICIGI,2026-09-15,1435.0,-1.7,16.8,1539.46,1615.27,1759.19,-52.4227,-42.1532,0.48,1431.9,1650.0,31.42,1435.0,1435.0,1387.88,1505.68,1552.81,1599.93,1.5,1.0,10.0,AVOID,False,Near support
IOC,2026-09-15,133.74,-1.01,37.82,136.78,138.73,145.41,-1.3907,-1.1545,0.84,133.02,141.15,2.43,133.74,133.74,130.09,139.22,142.87,146.52,1.5,1.0,10.0,AVOID,False,Near support
IRCTC,2026-09-15,460.75,-0.46,26.77,479.13,492.8,554.68,-9.4234,-7.7684,0.48,460.5,502.75,7.29,460.75,460.75,449.81,477.16,488.1,499.04,1.5,1.0,10.0,AVOID,False,Near support
IRFC,2026-09-15,80.11,-1.21,22.76,83.57,86.89,99.51,-1.9217,-1.6986,0.59,80.05,87.56,1.45,80.11,80.11,77.93,83.38,85.55,87.73,1.5,1.0,10.0,AVOID,False,Near support
IREDA,2026-09-15,110.02,-1.51,32.54,114.35,117.76,127.0,-2.0556,-1.8236,0.5,110.01,121.14,2.14,110.02,110.02,106.81,114.84,118.05,121.26,1.5,1.0,10.0,AVOID,False,Near support
INDIGO,2026-09-15,4880.5,-1.86,33.83,5071.87,5099.46,5030.22,-78.0954,-54.2906,0.38,4822.0,5332.5,109.97,4880.5,4880.5,4715.54,5127.94,5292.9,5457.86,1.5,1.0,10.0,AVOID,False,Near support
JSWENERGY,2026-09-15,514.25,-2.32,34.73,535.5,544.68,536.41,-7.6463,-6.4887,0.24,511.4,556.6,11.94,514.25,514.25,496.34,541.12,559.03,576.94,1.5,1.0,10.0,AVOID,False,Near support
JIOFIN,2026-09-15,229.28,-0.27,33.33,237.8,241.19,255.16,-4.2936,-3.0962,0.73,226.44,249.9,4.59,229.28,229.28,222.39,239.61,246.5,253.38,1.5,1.0,10.0,AVOID,False,Near support
KEI,2026-09-15,4509.0,-1.51,27.6,5058.48,5197.84,4896.35,-227.7812,-120.7433,0.35,4447.0,5899.0,180.29,4509.0,4509.0,4238.56,4914.65,5185.09,5455.52,1.5,1.0,10.0,AVOID,False,Near support
LT,2026-09-15,3872.2,-1.49,35.43,3979.27,3990.1,3944.3,-24.9466,-7.8607,0.84,3835.7,4125.3,62.17,3872.2,3872.2,3778.94,4012.08,4105.34,4198.6,1.5,1.0,10.0,AVOID,False,Near support
LUPIN,2026-09-15,2075.0,-0.95,25.79,2155.98,2240.87,2245.41,-59.4686,-58.8505,0.49,2058.0,2255.0,39.92,2075.0,2075.0,2015.12,2164.82,2224.7,2284.58,1.5,1.0,10.0,AVOID,False,Near support
M&M,2026-09-15,3092.0,-0.48,28.58,3227.57,3251.8,3296.98,-61.6488,-36.973,0.68,3069.1,3456.4,62.87,3092.0,3092.0,2997.7,3233.45,3327.74,3422.04,1.5,1.0,10.0,AVOID,False,Near support
MARICO,2026-09-15,800.9,-0.15,33.75,827.09,835.91,802.49,-12.6376,-9.2058,0.47,795.5,867.35,15.49,800.9,800.9,777.67,835.75,858.98,882.22,1.5,1.0,10.0,AVOID,False,Near support
MFSL,2026-09-15,1448.4,-1.94,35.53,1520.03,1545.76,1599.12,-20.9017,-9.7312,0.31,1445.4,1604.9,37.77,1448.4,1448.4,1391.74,1533.39,1590.05,1646.71,1.5,1.0,10.0,AVOID,False,Near support
MAZDOCK,2026-09-15,2273.0,-2.82,26.24,2453.9,2465.97,2517.01,-35.7401,-4.7389,0.59,2271.2,2656.8,60.69,2273.0,2273.0,2181.97,2409.55,2500.58,2591.61,1.5,1.0,10.0,AVOID,False,Near support
MUTHOOTFIN,2026-09-15,2750.2,-1.5,34.74,2911.88,2980.51,3183.6,-50.6117,-25.4938,0.22,2728.6,3246.5,80.6,2750.2,2750.2,2629.3,2931.56,3052.46,3173.36,1.5,1.0,10.0,AVOID,False,Near support
NHPC,2026-09-15,75.91,-0.62,44.49,76.45,77.16,78.82,-0.3738,-0.4641,0.52,74.3,77.89,1.42,75.41,75.91,73.56,79.44,81.79,84.15,1.5,1.0,10.0,AVOID,False,MACD bullish
NMDC,2026-09-15,81.55,-1.03,38.6,84.64,85.16,83.73,-0.5174,-0.1046,0.44,81.25,89.1,1.96,81.55,81.55,78.61,85.96,88.9,91.85,1.5,1.0,10.0,AVOID,False,Near support
NTPC,2026-09-15,328.55,-1.45,37.65,334.03,341.47,352.74,-2.9382,-3.45,0.49,321.0,344.45,5.47,325.81,328.55,317.79,344.69,355.45,366.21,1.5,1.0,10.0,AVOID,False,MACD bullish
PHOENIXLTD,2026-09-15,1874.1,-0.84,40.2,1910.02,1920.03,1823.3,-14.9147,-12.5275,0.55,1825.1,1971.0,42.82,1852.48,1874.1,1806.85,1974.98,2042.23,2109.48,1.5,1.0,10.0,AVOID,False,Price > long EMA
POLYCAB,2026-09-15,8207.0,-0.41,31.18,8683.08,8930.88,8531.57,-246.3342,-177.5949,0.35,8118.0,9445.0,213.7,8207.0,8207.0,7886.45,8687.83,9008.38,9328.93,1.5,1.0,10.0,AVOID,False,Near support
PFC,2026-09-15,347.65,-1.64,34.38,359.54,380.48,401.66,-10.8596,-12.7157,0.57,336.3,376.55,7.67,341.34,347.65,332.94,369.72,384.43,399.15,1.5,1.0,10.0,AVOID,False,MACD bullish
POWERGRID,2026-09-15,265.8,-1.23,43.36,268.31,274.31,283.92,-2.1591,-3.0197,0.68,261.7,275.95,4.77,265.63,265.8,258.65,276.52,283.67,290.82,1.5,1.0,10.0,AVOID,False,MACD bullish
PREMIERENE,2026-09-15,957.6,-1.7,35.36,999.35,1016.77,990.05,-17.0359,-12.4016,0.26,950.1,1072.4,25.88,957.6,957.6,918.79,1015.82,1054.64,1093.45,1.5,1.0,10.0,AVOID,False,Near support
PRESTIGE,2026-09-15,1445.0,-3.54,31.33,1565.04,1575.47,1531.5,-27.7801,-13.6834,0.47,1439.7,1651.3,51.66,1445.0,1445.0,1367.5,1561.24,1638.74,1716.23,1.5,1.0,10.0,AVOID,False,Near support
RVNL,2026-09-15,202.25,-1.29,29.38,213.12,223.4,265.59,-6.1374,-5.325,0.55,202.0,231.38,5.01,202.25,202.25,194.73,213.53,221.06,228.58,1.5,1.0,10.0,AVOID,False,Near support
RELIANCE,2026-09-15,1256.6,-0.07,36.89,1292.21,1302.54,1353.44,-9.654,-4.2705,0.7,1249.2,1333.0,20.34,1256.6,1256.6,1226.09,1302.37,1332.88,1363.39,1.5,1.0,10.0,AVOID,False,Near support
SBILIFE,2026-09-15,1666.9,-1.06,32.13,1737.36,1779.35,1847.42,-34.9285,-29.2342,0.44,1661.7,1801.7,33.53,1666.9,1666.9,1616.6,1742.35,1792.65,1842.95,1.5,1.0,10.0,AVOID,False,Near support
SRF,2026-09-15,2484.0,0.06,32.44,2561.88,2615.3,2708.81,-37.2801,-30.7347,0.36,2457.1,2648.0,46.62,2484.0,2484.0,2414.07,2588.89,2658.82,2728.75,1.5,1.0,10.0,AVOID,False,Near support
ENRIN,2026-09-15,3094.8,-2.72,35.04,3239.79,3322.58,3244.07,-74.4193,-65.2467,0.41,3085.6,3639.0,99.94,3094.8,3094.8,2944.89,3319.67,3469.58,3619.49,1.5,1.0,10.0,AVOID,False,Near support
SBIN,2026-09-15,980.2,-1.56,31.36,1022.5,1031.92,1014.47,-14.2459,-8.4189,0.74,979.0,1067.7,17.52,980.2,980.2,953.92,1019.62,1045.9,1072.18,1.5,1.0,10.0,AVOID,False,Near support
TATACONSUM,2026-09-15,997.1,0.62,32.67,1027.51,1060.18,1106.98,-21.9585,-19.6508,1.03,986.0,1079.1,17.7,997.1,997.1,970.55,1036.93,1063.48,1090.04,1.5,1.0,10.0,AVOID,False,Near support
TATAPOWER,2026-09-15,366.95,0.63,47.83,367.11,374.51,386.91,-2.8143,-3.9866,0.46,347.0,382.05,7.36,352.2,366.95,343.53,402.08,425.5,448.92,1.5,1.0,10.0,AVOID,False,MACD bullish
TATASTEEL,2026-09-15,183.39,0.21,44.62,185.63,187.91,190.28,-0.647,-0.611,0.74,180.79,190.26,4.56,183.39,183.39,176.55,193.64,200.48,207.32,1.5,1.0,10.0,AVOID,False,Near support
TRENT,2026-09-15,2778.3,-0.86,33.81,2861.88,2909.15,3176.54,-46.1733,-40.0781,0.47,2757.5,2980.4,56.92,2778.3,2778.3,2692.92,2906.37,2991.75,3077.12,1.5,1.0,10.0,AVOID,False,Near support
TIINDIA,2026-09-15,2553.2,-2.03,29.8,2734.03,2815.06,2880.5,-65.3258,-42.2613,0.23,2552.5,2989.0,74.66,2553.2,2553.2,2441.21,2721.19,2833.19,2945.18,1.5,1.0,10.0,AVOID,False,Near support
VBL,2026-09-15,413.15,-0.8,42.47,418.11,438.93,464.05,-9.4772,-11.26,0.22,396.2,447.9,10.34,402.14,413.15,392.24,444.52,465.43,486.34,1.5,1.0,10.0,AVOID,False,MACD bullish
VEDL,2026-09-15,257.3,-2.43,37.16,270.73,283.17,403.99,-2.5453,-0.9447,0.48,256.5,291.0,7.8,257.3,257.3,245.61,274.84,286.53,298.22,1.5,1.0,10.0,AVOID,False,Near support
VMM,2026-09-15,101.0,-0.7,36.62,105.66,108.86,119.3,-1.9014,-1.3936,0.31,100.44,115.4,2.91,101.0,101.0,96.63,107.55,111.92,116.29,1.5,1.0,10.0,AVOID,False,Near support
WAAREEENER,2026-09-15,2582.6,-1.62,42.02,2619.08,2706.28,2955.21,-36.4393,-39.469,1.03,2515.1,2727.0,57.74,2552.83,2582.6,2489.95,2721.58,2814.23,2906.88,1.5,1.0,10.0,AVOID,False,MACD bullish
HINDUNILVR,2026-09-15,1962.3,1.83,40.13,1993.19,2052.72,2207.71,-36.2542,-34.8802,0.79,1926.2,2076.0,31.3,1955.09,1962.3,1906.94,2045.34,2100.71,2156.07,1.5,0.5,10.0,AVOID,False,Positive daily momentum
WIPRO,2026-09-15,170.44,1.82,39.5,175.04,179.01,200.42,-3.391,-2.2557,1.01,165.16,184.5,3.82,167.64,170.44,163.51,180.84,187.77,194.7,1.5,0.5,10.0,AVOID,False,Positive daily momentum
DMART,2026-09-15,3722.8,0.94,36.87,3807.8,3917.62,4085.75,-73.9283,-65.0167,0.5,3650.0,4070.0,76.52,3704.75,3722.8,3608.03,3894.96,4009.74,4124.51,1.5,0.0,10.0,AVOID,False,
AXISBANK,2026-09-15,1233.9,-0.97,44.02,1250.6,1261.82,1264.02,-3.0448,-1.9139,0.74,1213.6,1300.0,23.12,1231.8,1233.9,1199.22,1285.92,1320.6,1355.27,1.5,0.0,10.0,AVOID,False,
BPCL,2026-09-15,304.15,-0.11,38.21,311.65,312.68,319.22,-2.8515,-1.1728,0.48,296.0,326.35,7.29,300.44,304.15,293.04,320.81,331.92,343.03,1.5,0.0,10.0,AVOID,False,
HDFCAMC,2026-09-15,2408.4,0.19,34.79,2507.52,2556.65,2630.66,-43.1248,-25.8568,0.39,2366.1,2698.0,56.76,2401.59,2408.4,2323.26,2536.11,2621.24,2706.38,1.5,0.0,10.0,AVOID,False,
HDFCLIFE,2026-09-15,523.6,-1.21,41.07,536.1,548.29,617.74,-6.3119,-4.9757,0.79,508.7,563.5,11.89,516.33,523.6,503.61,553.58,573.57,593.55,1.5,0.0,10.0,AVOID,False,
HINDPETRO,2026-09-15,348.9,-0.88,32.82,361.72,373.84,394.11,-8.8307,-8.2354,0.38,340.1,381.7,8.17,345.2,348.9,336.65,367.28,379.54,391.79,1.5,0.0,10.0,AVOID,False,
ITC,2026-09-15,260.8,0.37,37.9,265.95,274.04,309.65,-4.6834,-4.6689,0.55,255.5,273.95,4.71,259.33,260.8,252.94,272.58,280.44,288.29,1.5,0.0,10.0,AVOID,False,
MANKIND,2026-09-15,2283.2,0.14,38.06,2349.62,2397.22,2368.69,-45.3998,-37.0284,0.7,2222.0,2423.9,51.58,2255.33,2283.2,2199.78,2408.33,2491.75,2575.17,1.5,0.0,10.0,AVOID,False,
PIIND,2026-09-15,2249.3,-0.43,25.73,2424.98,2545.84,2896.07,-78.6618,-68.1688,0.52,2191.0,2545.0,61.38,2223.86,2249.3,2157.23,2387.41,2479.48,2571.55,1.5,0.0,10.0,AVOID,False,
VOLTAS,2026-09-15,1161.5,-0.3,36.52,1194.72,1242.84,1323.57,-32.9562,-32.6393,0.35,1131.4,1272.0,27.92,1148.37,1161.5,1119.62,1224.31,1266.19,1308.06,1.5,0.0,10.0,AVOID,False,
